Player,Position,Age,Team,Game,Minutes,FG,FGA,FG%,3PA,Rebound,Assist,Point,salary,Years
Vince Carter,PF,42,ATL,76,17.5,2.6,6.2,0.419,4.2,2.6,1.1,7.4,"$1,512,601 ",22
Dirk Nowitzki,PF,40,DAL,51,15.6,2.6,7.4,0.359,4,3.1,0.7,7.3,"$5,000,000 ",21
Tyson Chandler,C,36,TOT,55,15.9,1.1,1.8,0.616,0,5.6,0.7,3.1,"$1,333,140 ",19
Tyson Chandler,C,36,PHO,7,12.7,1.1,1.7,0.667,0,5.6,0.9,3.7,"$1,333,140 ",19
Tyson Chandler,C,36,LAL,48,16.4,1.1,1.8,0.609,0,5.6,0.6,3.1,"$1,333,140 ",19
Jamal Crawford,SG,38,PHO,64,18.9,2.7,6.8,0.397,3.2,1.3,3.6,7.9,"$1,512,601 ",19
Pau Gasol,C,38,TOT,30,12,1.4,3.1,0.447,0.4,4.6,1.7,3.9,"$333,285 ",18
Pau Gasol,C,38,SAS,27,12.2,1.5,3.3,0.466,0.4,4.7,1.9,4.2,"$333,285 ",18
Pau Gasol,C,38,MIL,3,10,0.3,2,0.167,1,3.3,0.7,1.3,"$333,285 ",18
Tony Parker,PG,36,CHO,56,17.9,3.8,8.3,0.46,0.9,1.5,3.7,9.5,"$5,000,000 ",18
Carmelo Anthony,PF,34,HOU,10,29.4,4.9,12.1,0.405,6.4,5.4,0.5,13.4,"$1,512,601 ",17
LeBron James,SF,34,LAL,55,35.2,10.1,19.9,0.51,5.9,8.5,8.3,27.4,"$35,654,150 ",17
Kyle Korver,SG-PF,37,TOT,70,19.1,2.9,6.9,0.416,5,2.3,1.2,8.6,"$7,560,000 ",17
Kyle Korver,PF,37,CLE,16,15.7,2.2,4.8,0.461,3.4,1.8,1.1,6.8,"$7,560,000 ",17
Kyle Korver,SG,37,UTA,54,20.1,3.1,7.5,0.408,5.4,2.5,1.2,9.1,"$7,560,000 ",17
Trevor Ariza,SF,33,TOT,69,34,4.3,10.7,0.399,6.3,5.4,3.7,12.5,"$15,000,000 ",16
Trevor Ariza,SF,33,PHO,26,34,3.3,8.7,0.379,5.3,5.6,3.3,9.9,"$15,000,000 ",16
Trevor Ariza,SF,33,WAS,43,34.1,4.8,11.8,0.409,6.9,5.3,3.8,14.1,"$15,000,000 ",16
Dwight Howard,C,33,WAS,9,25.6,4.8,7.7,0.623,0,9.2,0.4,12.8,"$5,337,000 ",16
Andre Iguodala,SF,35,GSW,68,23.2,2.2,4.4,0.5,2.1,3.7,3.2,5.7,"$16,000,000 ",16
Zaza Pachulia,C,34,DET,68,12.9,1.3,2.8,0.44,0.1,3.9,1.3,3.9,"$1,512,601 ",16
Dwyane Wade,SG,37,MIA,72,26.2,5.8,13.3,0.433,3.6,4,4.2,15,"$1,512,601 ",16
Luol Deng,SF,33,MIN,22,17.8,2.7,5.4,0.5,2,3.3,0.8,7.1,"$1,512,601 ",15
Devin Harris,PG,35,DAL,68,15.8,1.9,5.1,0.38,2.9,1.6,1.8,6.3,"$1,512,601 ",15
C.J. Miles,SF,31,TOT,53,16.2,2.1,5.9,0.36,3.8,1.8,0.7,6.4,"$8,333,333 ",15
C.J. Miles,SF,31,TOR,40,14.1,1.8,5.2,0.34,3.4,1.7,0.6,5.5,"$8,333,333 ",15
C.J. Miles,SF,31,MEM,13,22.6,3.2,8.1,0.4,5.1,2.1,1.1,9.3,"$8,333,333 ",15
Chris Paul,PG,33,HOU,58,32,5.2,12.4,0.419,6.1,4.6,8.2,15.6,"$35,654,150 ",15
Lou Williams,SG,32,LAC,75,26.6,6.5,15.2,0.425,3.9,3,5.4,20,"$8,000,000 ",15
Marvin Williams,PF,32,CHO,75,28.4,3.7,8.7,0.422,5.1,5.4,1.2,10.1,"$14,087,500 ",15
Udonis Haslem,C,38,MIA,10,7.4,1.1,3.3,0.333,1.2,2.7,0.2,2.5,"$1,512,601 ",15
LaMarcus Aldridge,C,33,SAS,81,33.2,8.4,16.3,0.519,0.5,9.2,2.4,21.3,"$22,347,015 ",14
Andrew Bogut,C,34,GSW,11,12.2,1.6,3.3,0.5,0,5,1,3.5,"$307,648 ",14
Raymond Felton,PG,34,OKC,33,11.5,1.7,4.1,0.407,1.8,1,1.6,4.3,"$1,512,601 ",14
Rudy Gay,PF,32,SAS,69,26.7,5.4,10.8,0.504,2.7,6.8,2.6,13.7,"$10,087,200 ",14
Amir Johnson,C,31,PHI,51,10.4,1.5,3.1,0.503,0.8,2.9,1.2,3.9,"$1,512,601 ",14
Shaun Livingston,PG,33,GSW,64,15.1,1.7,3.3,0.519,0,1.8,1.8,4,"$8,307,692 ",14
Kyle Lowry,PG,32,TOR,65,34,4.7,11.4,0.411,7,4.8,8.7,14.2,"$31,200,000 ",14
Paul Millsap,PF,33,DEN,70,27.1,4.6,9.5,0.484,2.3,7.2,2,12.6,"$29,230,769 ",14
Rajon Rondo,PG,32,LAL,46,29.8,3.8,9.4,0.405,3.1,5.3,8,9.2,"$9,000,000 ",14
Thabo Sefolosha,SF,34,UTA,50,12.2,1.4,3,0.477,1.6,2.5,0.5,3.8,"$5,250,000 ",14
Marco Belinelli,SG,32,SAS,79,23,3.6,8.7,0.413,5,2.5,1.7,10.5,"$6,153,846 ",13
Mike Conley,PG,31,MEM,70,33.5,7,16,0.438,6.1,3.4,6.4,21.1,"$30,521,115 ",13
Jared Dudley,PF,33,BRK,59,20.7,1.7,4.1,0.423,2.6,2.6,1.4,4.9,"$9,530,000 ",13
Channing Frye,C,35,CLE,36,9.5,1.2,3.3,0.368,2.2,1.4,0.6,3.6,"$1,512,601 ",13
Al Horford,C,32,BOS,68,29,5.7,10.6,0.535,3,6.7,4.2,13.6,"$28,928,709 ",13
Thaddeus Young,PF,30,IND,81,30.7,5.5,10.4,0.527,1.8,6.5,2.5,12.6,"$13,964,045 ",13
J.J. Barea,PG,34,DAL,38,19.8,4.2,10.1,0.418,3.4,2.5,5.6,10.9,"$3,710,850 ",13
Ryan Anderson,PF,30,TOT,25,12.9,0.8,2.8,0.304,1.6,2.2,0.8,2.5,"$20,421,546 ",12
Ryan Anderson,PF,30,PHO,15,18.5,1.3,4,0.317,2.3,3,1.1,3.7,"$20,421,546 ",12
Ryan Anderson,PF,30,MIA,10,4.4,0.2,0.9,0.222,0.6,0.9,0.2,0.7,"$20,421,546 ",12
D.J. Augustin,PG,31,ORL,81,28,3.9,8.4,0.47,3.8,2.5,5.3,11.7,"$7,250,000 ",12
Nicolas Batum,SF,30,CHO,75,31.4,3.4,7.5,0.45,4,5.2,3.3,9.3,"$24,000,000 ",12
Corey Brewer,SF,32,TOT,31,15.9,1.7,4,0.431,1.4,2.5,1.3,4.9,"$2,000,000 ",12
Corey Brewer,SF,32,PHI,7,20,2.9,7,0.408,2,2.4,1.4,7.6,"$2,000,000 ",12
Corey Brewer,SF,32,SAC,24,14.7,1.4,3.1,0.446,1.3,2.5,1.2,4.1,"$2,000,000 ",12
Wilson Chandler,PF-SF,31,TOT,51,23.1,2.2,5.4,0.418,3.1,4.2,1.6,6,"$12,800,562 ",12
Wilson Chandler,PF,31,PHI,36,26.4,2.5,5.8,0.44,3.3,4.7,2,6.7,"$12,800,562 ",12
Wilson Chandler,SF,31,LAC,15,15.1,1.5,4.4,0.348,2.7,3.1,0.7,4.3,"$12,800,562 ",12
Kevin Durant,SF,30,GSW,78,34.6,9.2,17.7,0.521,5,6.4,5.9,26,"$30,000,000 ",12
Marc Gasol,C,34,TOT,79,30.8,4.9,11,0.448,3.5,7.9,4.4,13.6,"$24,119,025 ",12
Marc Gasol,C,34,MEM,53,33.7,5.7,12.9,0.444,4.2,8.6,4.7,15.7,"$24,119,025 ",12
Marc Gasol,C,34,TOR,26,24.9,3.3,7.2,0.465,2,6.6,3.9,9.1,"$24,119,025 ",12
Eric Gordon,SG,30,HOU,68,31.7,5.6,13.8,0.409,8.8,2.2,1.9,16.2,"$13,500,375 ",12
Marcin Gortat,C,34,LAC,47,16,2.1,4,0.532,0,5.6,1.4,5,"$13,565,218 ",12
Gerald Green,SG,33,HOU,73,20.2,3.2,7.9,0.4,6,2.5,0.5,9.2,"$1,512,601 ",12
Jeff Green,PF,32,WAS,77,27.2,4.2,8.9,0.475,4.2,4,1.8,12.3,"$1,512,601 ",12
George Hill,PG,32,TOT,60,21.7,2.8,6.3,0.452,2.6,2.5,2.3,7.6,"$19,000,000 ",12
George Hill,PG,32,CLE,13,26.5,4.2,8.2,0.514,2.2,2.1,2.8,10.8,"$19,000,000 ",12
George Hill,PG,32,MIL,47,20.4,2.4,5.7,0.428,2.7,2.6,2.1,6.8,"$19,000,000 ",12
DeAndre Jordan,C,30,TOT,69,29.7,4.1,6.5,0.641,0,13.1,2.3,11,"$22,897,200 ",12
DeAndre Jordan,C,30,DAL,50,31.1,4.2,6.5,0.644,0,13.7,2,11,"$22,897,200 ",12
DeAndre Jordan,C,30,NYK,19,25.9,4.1,6.5,0.634,0,11.4,3,10.9,"$22,897,200 ",12
Courtney Lee,SG,33,TOT,34,12.6,1.6,3.8,0.411,1.6,1.6,1.1,4,"$12,253,780 ",12
Courtney Lee,SG,33,NYK,12,13.3,1.8,3.9,0.447,1.3,2.3,1.3,4.7,"$12,253,780 ",12
Courtney Lee,SG,33,DAL,22,12.2,1.5,3.7,0.39,1.8,1.2,1,3.6,"$12,253,780 ",12
Brook Lopez,C,30,MIL,81,28.7,4.4,9.7,0.452,6.3,4.9,1.2,12.5,"$3,382,000 ",12
Robin Lopez,C,30,CHI,74,21.7,4.1,7.2,0.568,0.4,3.9,1.2,9.5,"$14,357,750 ",12
Kevin Love,PF,30,CLE,22,27.2,5,12.9,0.385,6.7,10.9,2.2,17,"$24,119,025 ",12
Ian Mahinmi,C,32,WAS,34,14.6,1.4,3.1,0.452,0.5,3.8,0.7,4.1,"$15,944,154 ",12
JaVale McGee,C,31,LAL,75,22.3,5.3,8.5,0.624,0.2,7.5,0.7,12,"$1,512,601 ",12
Joakim Noah,C,33,MEM,42,16.5,2.6,5.1,0.516,0,5.7,2.1,7.1,"$1,093,858 ",12
Russell Westbrook,PG,30,OKC,73,36,8.6,20.2,0.428,5.6,11.1,10.7,22.9,"$35,654,150 ",12
Nick Young,SG,33,DEN,4,9.3,0.8,2.3,0.333,2,0.3,0.5,2.3,"$1,042,584 ",12
Jerryd Bayless,PG,30,MIN,34,19.3,2.4,6.8,0.357,2.9,1.8,3.5,6.1,"$8,575,916 ",11
Michael Beasley,PF,30,LAL,26,10.7,2.9,5.9,0.49,0.7,2.3,1,7,"$3,500,000 ",11
DeMarre Carroll,PF,32,BRK,67,25.4,3.4,8.6,0.395,4.6,5.2,1.3,11.1,"$15,400,000 ",11
Stephen Curry,PG,30,GSW,69,33.8,9.2,19.4,0.472,11.7,5.3,5.2,27.3,"$37,457,154 ",11
DeMar DeRozan,SG,29,SAS,77,34.9,8.2,17.1,0.481,0.6,6,6.2,21.2,"$27,739,975 ",11
Wayne Ellington,SG,31,TOT,53,24.5,3.5,8.6,0.403,7,2,1.4,10.3,"$2,383,076 ",11
Wayne Ellington,SG,31,MIA,25,21.3,2.8,7.4,0.375,6.2,1.9,1.2,8.4,"$2,383,076 ",11
Wayne Ellington,SG,31,DET,28,27.3,4.1,9.8,0.421,7.8,2.1,1.5,12,"$2,383,076 ",11
Danilo Gallinari,SF,30,LAC,68,30.3,6,13,0.463,5.5,6.1,2.6,19.8,"$21,587,579 ",11
Taj Gibson,PF,33,MIN,70,24.1,4.3,7.7,0.566,0.5,6.5,1.2,10.8,"$14,000,000 ",11
Danny Green,SG,31,TOR,80,27.7,3.7,7.9,0.465,5.4,4,1.6,10.3,"$10,000,000 ",11
James Harden,PG,29,HOU,78,36.8,10.8,24.5,0.442,13.2,6.6,7.5,36.1,"$30,421,854 ",11
Jrue Holiday,SG,28,NOP,67,35.9,8.2,17.3,0.472,5.4,5,7.7,21.2,"$25,976,111 ",11
Serge Ibaka,C,29,TOR,74,27.2,6.3,11.9,0.529,2.3,8.1,1.3,15,"$21,666,667 ",11
James Johnson,PF,31,MIA,55,21.2,3,6.9,0.433,2.7,3.2,2.5,7.8,"$14,651,700 ",11
Kosta Koufos,C,29,SAC,42,12,1.7,3.6,0.477,0,4.2,0.9,3.7,"$8,739,500 ",11
Luc Mbah a Moute,PF,32,LAC,4,15.3,2,4.5,0.444,1.5,1.8,0.5,5,"$4,320,500 ",11
Patty Mills,PG,30,SAS,82,23.3,3.4,8.1,0.425,4.9,2.2,3,9.9,"$11,571,429 ",11
Derrick Rose,PG,30,MIN,51,27.3,7.1,14.8,0.482,2.9,2.7,4.3,18,"$1,512,601 ",11
Jason Smith,C-PF,32,TOT,20,9.5,1.1,3,0.356,1.3,2.6,0.7,3.3,"$5,450,000 ",11
Jason Smith,C,32,WAS,12,10.8,1.3,3.1,0.405,0.8,3.1,1,3.7,"$5,450,000 ",11
Jason Smith,PF,32,MIL,6,6.7,0.7,2.2,0.308,1.5,1.8,0.2,2.2,"$5,450,000 ",11
Jason Smith,C,32,NOP,2,10,1,4.5,0.222,3.5,2,0.5,4,"$5,450,000 ",11
Jeff Teague,PG,30,MIN,42,30.1,4.2,9.9,0.423,2.5,2.5,8.2,12.1,"$19,000,000 ",11
Al-Farouq Aminu,PF,28,POR,81,28.3,3.2,7.3,0.433,3.5,7.5,1.3,9.4,"$6,957,105 ",10
Eric Bledsoe,PG,29,MIL,78,29.1,6,12.4,0.484,4.8,4.6,5.5,15.9,"$15,000,000 ",10
Avery Bradley,SG,28,TOT,63,30.2,3.9,9.7,0.408,3.9,2.8,2.4,9.9,"$12,000,000 ",10
Avery Bradley,SG,28,LAC,49,29.9,3.3,8.6,0.383,3.5,2.7,2,8.2,"$12,000,000 ",10
Avery Bradley,SG,28,MEM,14,31.6,6.2,13.4,0.463,5.2,3.1,4,16.1,"$12,000,000 ",10
Omri Casspi,SF,30,MEM,36,14.4,2.4,4.5,0.534,1.2,3.2,0.7,6.3,"$1,512,601 ",10
Darren Collison,PG,31,IND,76,28.2,4.1,8.7,0.467,2.6,3.1,6,11.2,"$10,000,000 ",10
Dante Cunningham,PF,31,SAS,64,14.5,1.2,2.5,0.475,1,2.9,0.8,3,"$2,487,000 ",10
Ed Davis,C,29,BRK,81,17.9,2.3,3.7,0.616,0,8.6,0.8,5.8,"$4,449,000 ",10
Tyreke Evans,SG,29,IND,69,20.3,3.7,9.6,0.389,3.1,2.9,2.4,10.2,"$12,400,000 ",10
Derrick Favors,C,27,UTA,76,23.2,4.8,8.1,0.586,1,7.4,1.2,11.8,"$16,900,000 ",10
Paul George,SF,28,OKC,77,36.9,9.2,21,0.438,9.8,8.2,4.1,28,"$30,560,700 ",10
Blake Griffin,PF,29,DET,75,35,8.3,17.9,0.462,7,7.5,5.4,24.5,"$32,088,932 ",10
Gordon Hayward,PF,28,BOS,72,25.9,4.1,8.8,0.466,3.2,4.5,3.4,11.5,"$31,214,295 ",10
Jodie Meeks,SG,31,TOR,8,13,2.6,4.9,0.538,2.3,1.5,1,6.4,"$3,454,500 ",10
Patrick Patterson,PF,29,OKC,63,13.7,1.3,3.5,0.374,2.2,2.3,0.5,3.6,"$5,451,600 ",10
Evan Turner,PG,30,POR,73,22,2.8,6.1,0.46,0.7,4.5,3.9,6.8,"$17,868,853 ",10
Anthony Tolliver,PF,33,MIN,65,16.6,1.5,4,0.382,3.3,2.7,0.7,5,"$4,750,000 ",10
Bismack Biyombo,C,26,CHO,54,14.5,1.6,2.9,0.571,0,4.6,0.6,4.4,"$17,000,000 ",9
Bismack Biyombo,C,26,CHO,54,14.5,1.6,2.9,0.571,0,4.6,0.6,4.4,"$17,000,000 ",9
Alec Burks,SG,27,TOT,64,21.5,3,7.4,0.405,2.6,3.7,2,8.8,"$11,536,515 ",9
Alec Burks,SG,27,TOT,64,21.5,3,7.4,0.405,2.6,3.7,2,8.8,"$11,536,515 ",9
Alec Burks,SG,27,UTA,17,15.8,2.8,6.7,0.412,2.5,1.6,1.2,8.4,"$11,536,515 ",9
Alec Burks,SG,27,UTA,17,15.8,2.8,6.7,0.412,2.5,1.6,1.2,8.4,"$11,536,515 ",9
Alec Burks,SG,27,CLE,34,28.8,4,10,0.4,3.5,5.5,2.9,11.6,"$11,536,515 ",9
Alec Burks,SG,27,CLE,34,28.8,4,10,0.4,3.5,5.5,2.9,11.6,"$11,536,515 ",9
Alec Burks,SG,27,SAC,13,9.8,0.7,1.5,0.45,0.5,1.7,0.8,1.7,"$11,536,515 ",9
Alec Burks,SG,27,SAC,13,9.8,0.7,1.5,0.45,0.5,1.7,0.8,1.7,"$11,536,515 ",9
Jimmy Butler,SF-SG,29,TOT,65,33.6,6.4,13.9,0.462,3,5.3,4,18.7,"$20,445,779 ",9
Jimmy Butler,SF-SG,29,TOT,65,33.6,6.4,13.9,0.462,3,5.3,4,18.7,"$20,445,779 ",9
Jimmy Butler,SG,29,MIN,10,36.1,7.4,15.7,0.471,4.5,5.2,4.3,21.3,"$20,445,779 ",9
Jimmy Butler,SG,29,MIN,10,36.1,7.4,15.7,0.471,4.5,5.2,4.3,21.3,"$20,445,779 ",9
Jimmy Butler,SF,29,PHI,55,33.2,6.3,13.6,0.461,2.7,5.3,4,18.2,"$20,445,779 ",9
Jimmy Butler,SF,29,PHI,55,33.2,6.3,13.6,0.461,2.7,5.3,4,18.2,"$20,445,779 ",9
DeMarcus Cousins,C,28,GSW,30,25.7,5.9,12.4,0.48,3.2,8.2,3.6,16.3,"$5,337,000 ",9
Tobias Harris,PF,26,TOT,82,34.7,7.5,15.3,0.487,4.8,7.9,2.8,20,"$14,800,000 ",9
Tobias Harris,PF,26,TOT,82,34.7,7.5,15.3,0.487,4.8,7.9,2.8,20,"$14,800,000 ",9
Tobias Harris,PF,26,LAC,55,34.6,7.7,15.5,0.496,4.7,7.9,2.7,20.9,"$14,800,000 ",9
Tobias Harris,PF,26,LAC,55,34.6,7.7,15.5,0.496,4.7,7.9,2.7,20.9,"$14,800,000 ",9
Tobias Harris,PF,26,PHI,27,35,6.9,14.8,0.469,5,7.9,2.9,18.2,"$14,800,000 ",9
Tobias Harris,PF,26,PHI,27,35,6.9,14.8,0.469,5,7.9,2.9,18.2,"$14,800,000 ",9
Kyrie Irving,PG,26,BOS,67,33,9,18.5,0.487,6.5,5,6.9,23.8,"$20,099,189 ",9
Kyrie Irving,PG,26,BOS,67,33,9,18.5,0.487,6.5,5,6.9,23.8,"$20,099,189 ",9
Reggie Jackson,PG,28,DET,82,27.9,5.4,12.8,0.421,5.7,2.6,4.2,15.4,"$17,043,478 ",9
Reggie Jackson,PG,28,DET,82,27.9,5.4,12.8,0.421,5.7,2.6,4.2,15.4,"$17,043,478 ",9
Jonas Jerebko,PF,31,GSW,73,16.7,2.2,4.9,0.459,2.6,3.9,1.3,6.3,"$1,512,601 ",9
Wesley Johnson,SF,31,TOT,38,14.1,1.2,3.4,0.352,2,1.9,0.6,3.4,"$6,134,520 ",9
Wesley Johnson,SF,31,NOP,26,14.5,1.3,3.4,0.398,1.9,2.1,0.6,3.7,"$6,134,520 ",9
Wesley Johnson,SF,31,WAS,12,13.1,0.8,3.3,0.25,2.2,1.5,0.6,2.8,"$6,134,520 ",9
Cory Joseph,PG,27,IND,82,25.2,2.8,6.7,0.412,2.1,3.4,3.9,6.5,"$7,945,000 ",9
Cory Joseph,PG,27,IND,82,25.2,2.8,6.7,0.412,2.1,3.4,3.9,6.5,"$7,945,000 ",9
Enes Kanter,C,26,TOT,67,24.5,5.6,10.2,0.549,0.5,9.8,1.7,13.7,"$487,109 ",9
Enes Kanter,C,26,TOT,67,24.5,5.6,10.2,0.549,0.5,9.8,1.7,13.7,"$487,109 ",9
Enes Kanter,C,26,NYK,44,25.6,5.7,10.6,0.536,0.5,10.5,1.9,14,"$487,109 ",9
Enes Kanter,C,26,NYK,44,25.6,5.7,10.6,0.536,0.5,10.5,1.9,14,"$487,109 ",9
Enes Kanter,C,26,POR,23,22.3,5.4,9.3,0.577,0.5,8.6,1.4,13.1,"$487,109 ",9
Enes Kanter,C,26,POR,23,22.3,5.4,9.3,0.577,0.5,8.6,1.4,13.1,"$487,109 ",9
Kawhi Leonard,SF,27,TOR,60,34,9.3,18.8,0.496,5,7.3,3.3,26.6,"$23,114,067 ",9
Kawhi Leonard,SF,27,TOR,60,34,9.3,18.8,0.496,5,7.3,3.3,26.6,"$23,114,067 ",9
Greg Monroe,C,28,TOT,43,11.2,2.1,4.4,0.487,0.1,4,0.6,5.3,"$59,820 ",9
Greg Monroe,C,28,TOR,38,11.1,1.9,4.2,0.46,0.1,4.1,0.4,4.8,"$59,820 ",9
Greg Monroe,C,28,BOS,2,2.5,1.5,2.5,0.6,0,1.5,0.5,3,"$59,820 ",9
Greg Monroe,C,28,PHI,3,17.3,5,7.7,0.652,0.3,4.3,2.3,13.7,"$59,820 ",9
E'Twaun Moore,SG,29,NOP,53,27.6,4.8,10,0.481,3.3,2.4,1.9,11.9,"$8,808,685 ",9
E'Twaun Moore,SG,29,NOP,53,27.6,4.8,10,0.481,3.3,2.4,1.9,11.9,"$8,808,685 ",9
Markieff Morris,PF,29,TOT,58,21.9,3.5,8.3,0.421,3.5,4.6,1.4,9.4,"$427,288 ",9
Markieff Morris,PF,29,TOT,58,21.9,3.5,8.3,0.421,3.5,4.6,1.4,9.4,"$427,288 ",9
Markieff Morris,PF,29,WAS,34,26,4.2,9.6,0.436,4.2,5.1,1.8,11.5,"$427,288 ",9
Markieff Morris,PF,29,WAS,34,26,4.2,9.6,0.436,4.2,5.1,1.8,11.5,"$427,288 ",9
Markieff Morris,PF,29,OKC,24,16.1,2.5,6.5,0.391,2.5,3.8,0.8,6.5,"$427,288 ",9
Markieff Morris,PF,29,OKC,24,16.1,2.5,6.5,0.391,2.5,3.8,0.8,6.5,"$427,288 ",9
Chandler Parsons,SF,30,MEM,25,19.8,2.7,7.3,0.374,3.8,2.8,1.7,7.5,"$24,107,258 ",9
Chandler Parsons,SF,30,MEM,25,19.8,2.7,7.3,0.374,3.8,2.8,1.7,7.5,"$24,107,258 ",9
Ricky Rubio,PG,28,UTA,68,27.9,4.3,10.7,0.404,3.7,3.6,6.1,12.7,"$14,975,000 ",9
Iman Shumpert,SG,28,TOT,62,23.9,2.7,7.2,0.374,4.4,3,1.8,7.5,"$11,011,234 ",9
Iman Shumpert,SG,28,TOT,62,23.9,2.7,7.2,0.374,4.4,3,1.8,7.5,"$11,011,234 ",9
Iman Shumpert,SG,28,SAC,42,26.2,3.2,8.3,0.382,4.8,3.1,2.2,8.9,"$11,011,234 ",9
Iman Shumpert,SG,28,SAC,42,26.2,3.2,8.3,0.382,4.8,3.1,2.2,8.9,"$11,011,234 ",9
Iman Shumpert,SG,28,HOU,20,19.1,1.7,4.9,0.347,3.6,2.7,1.1,4.6,"$11,011,234 ",9
Iman Shumpert,SG,28,HOU,20,19.1,1.7,4.9,0.347,3.6,2.7,1.1,4.6,"$11,011,234 ",9
Lance Stephenson,SG,28,LAL,68,16.5,2.7,6.4,0.426,2.9,3.2,2.1,7.2,"$4,449,000 ",9
Isaiah Thomas,SG,29,DEN,12,15.1,2.8,8.3,0.343,3.6,1.1,1.9,8.1,"$1,512,601 ",9
Isaiah Thomas,SG,29,DEN,12,15.1,2.8,8.3,0.343,3.6,1.1,1.9,8.1,"$1,512,601 ",9
Tristan Thompson,C,27,CLE,43,27.9,4.7,8.8,0.529,0,10.2,2,10.9,"$17,469,565 ",9
Tristan Thompson,C,27,CLE,43,27.9,4.7,8.8,0.529,0,10.2,2,10.9,"$17,469,565 ",9
P.J. Tucker,PF,33,HOU,82,34.2,2.5,6.4,0.396,4.7,5.8,1.2,7.3,"$7,969,537 ",9
Kemba Walker,PG,28,CHO,82,34.9,8.9,20.5,0.434,8.9,4.4,5.9,25.6,"$12,000,000 ",9
Kemba Walker,PG,28,CHO,82,34.9,8.9,20.5,0.434,8.9,4.4,5.9,25.6,"$12,000,000 ",9
John Wall,PG,28,WAS,32,34.5,7.7,17.3,0.444,5.3,3.6,8.7,20.7,"$19,169,800 ",9
Harrison Barnes,PF-SF,26,TOT,77,32.9,5.6,13.3,0.42,5.7,4.7,1.5,16.4,"$24,107,258 ",8
Harrison Barnes,PF,26,DAL,49,32.3,5.9,14.6,0.404,6.3,4.2,1.3,17.7,"$24,107,258 ",8
Harrison Barnes,SF,26,SAC,28,33.9,5,11.1,0.455,4.6,5.5,1.9,14.3,"$24,107,258 ",8
Will Barton,SF,28,DEN,43,27.7,4.3,10.7,0.402,4.6,4.6,2.9,11.5,"$11,830,358 ",8
Bradley Beal,SG,25,WAS,82,36.9,9.3,19.6,0.475,7.3,5,5.5,25.6,"$25,434,263 ",8
Patrick Beverley,PG,30,LAC,78,27.4,2.5,6.1,0.407,3.6,5,3.8,7.6,"$5,027,028 ",8
Jae Crowder,SF,28,UTA,80,27.1,4,10,0.399,6.5,4.8,1.7,11.9,"$7,305,825 ",8
Anthony Davis,C,25,NOP,56,33,9.5,18.3,0.517,2.6,12,3.9,25.9,"$25,434,263 ",8
Andre Drummond,C,25,DET,79,33.5,7.1,13.3,0.533,0.5,15.6,1.4,17.3,"$25,434,263 ",8
Kenneth Faried,C,29,TOT,37,19.7,4.2,7.2,0.589,0.7,6.8,0.5,10.4,"$683,661 ",8
Kenneth Faried,C,29,TOT,37,19.7,4.2,7.2,0.589,0.7,6.8,0.5,10.4,"$683,661 ",8
Kenneth Faried,C,29,BRK,12,9.8,2.1,3.5,0.595,0.4,3.7,0.2,5.1,"$683,661 ",8
Kenneth Faried,C,29,BRK,12,9.8,2.1,3.5,0.595,0.4,3.7,0.2,5.1,"$683,661 ",8
Kenneth Faried,C,29,HOU,25,24.4,5.2,8.9,0.587,0.8,8.2,0.7,12.9,"$683,661 ",8
Kenneth Faried,C,29,HOU,25,24.4,5.2,8.9,0.587,0.8,8.2,0.7,12.9,"$683,661 ",8
Evan Fournier,SG,26,ORL,81,31.5,5.8,13.2,0.438,5.6,3.2,3.6,15.1,"$17,150,000 ",8
Draymond Green,PF,28,GSW,66,31.3,2.8,6.4,0.445,2.5,7.3,6.9,7.4,"$17,469,565 ",8
Maurice Harkless,SF,25,POR,60,23.6,3.2,6.5,0.487,2,4.5,1.2,7.7,"$10,837,079 ",8
John Henson,C,28,MIL,14,13.4,2.2,4.8,0.463,2.2,5.1,1,5.6,"$11,327,466 ",8
Michael Kidd-Gilchrist,PF,25,CHO,64,18.4,2.5,5.2,0.476,0.7,3.8,1,6.7,"$13,000,000 ",8
Brandon Knight,PG,27,TOT,39,18.9,2.5,6.7,0.381,3.3,1.5,1.8,6.8,"$14,631,250 ",8
Brandon Knight,PG,27,TOT,39,18.9,2.5,6.7,0.381,3.3,1.5,1.8,6.8,"$14,631,250 ",8
Brandon Knight,PG,27,HOU,12,9.8,0.9,3.9,0.234,2.7,0.8,0.8,3,"$14,631,250 ",8
Brandon Knight,PG,27,HOU,12,9.8,0.9,3.9,0.234,2.7,0.8,0.8,3,"$14,631,250 ",8
Brandon Knight,PG,27,CLE,27,22.9,3.3,7.9,0.413,3.6,1.9,2.3,8.5,"$14,631,250 ",8
Brandon Knight,PG,27,CLE,27,22.9,3.3,7.9,0.413,3.6,1.9,2.3,8.5,"$14,631,250 ",8
Jeremy Lamb,SG,26,CHO,79,28.5,5.5,12.4,0.44,4.2,5.5,2.2,15.3,"$7,488,372 ",8
Meyers Leonard,C,26,POR,61,14.4,2.2,4,0.545,1.8,3.8,1.2,5.9,"$10,595,506 ",8
Jon Leuer,PF,29,DET,41,9.8,1.6,2.8,0.584,0.3,2.4,0.3,3.8,"$10,002,681 ",8
Jon Leuer,PF,29,DET,41,9.8,1.6,2.8,0.584,0.3,2.4,0.3,3.8,"$10,002,681 ",8
Damian Lillard,PG,28,POR,80,35.5,8.5,19.2,0.444,8,4.6,6.9,25.8,"$27,977,689 ",8
Shelvin Mack,PG,28,TOT,57,21.9,2.9,7.1,0.404,2.3,1.8,3.2,7.5,"$1,512,601 ",8
Shelvin Mack,PG,28,TOT,57,21.9,2.9,7.1,0.404,2.3,1.8,3.2,7.5,"$1,512,601 ",8
Shelvin Mack,PG,28,MEM,53,22.7,3,7.3,0.414,2.4,1.9,3.4,7.9,"$1,512,601 ",8
Shelvin Mack,PG,28,MEM,53,22.7,3,7.3,0.414,2.4,1.9,3.4,7.9,"$1,512,601 ",8
Shelvin Mack,PG,28,CHO,4,10.5,0.5,3.5,0.143,0.5,0.5,0.3,2.3,"$1,512,601 ",8
Shelvin Mack,PG,28,CHO,4,10.5,0.5,3.5,0.143,0.5,0.5,0.3,2.3,"$1,512,601 ",8
Khris Middleton,SF,27,MIL,77,31.1,6.6,14.9,0.441,6.2,6,4.3,18.3,"$13,000,000 ",8
Kyle O'Quinn,C,28,IND,45,8.2,1.5,3,0.507,0.3,2.6,1.2,3.5,"$4,449,000 ",8
Austin Rivers,SG,26,TOT,76,26.7,3.1,7.5,0.406,4.3,2.1,2.2,8.1,"$922,943 ",8
Austin Rivers,SG,26,WAS,29,23.6,2.6,6.7,0.392,3.7,2.4,2,7.2,"$922,943 ",8
Austin Rivers,SG,26,HOU,47,28.6,3.3,8,0.413,4.7,1.9,2.3,8.7,"$922,943 ",8
Terrence Ross,SG,27,ORL,81,26.5,5.4,12.7,0.428,7,3.5,1.7,15.1,"$10,500,000 ",8
Mike Scott,PF,30,TOT,79,17.7,2.1,5.3,0.4,3.2,3.5,0.8,5.8,"$4,320,500 ",8
Mike Scott,PF,30,LAC,52,14.4,1.8,4.4,0.4,2.6,3.3,0.8,4.8,"$4,320,500 ",8
Mike Scott,PF,30,PHI,27,24,2.8,7,0.4,4.4,3.8,0.8,7.8,"$4,320,500 ",8
Klay Thompson,SG,28,GSW,78,34,8.4,18,0.467,7.7,3.8,2.4,21.5,"$18,988,725 ",8
Klay Thompson,SG,28,GSW,78,34,8.4,18,0.467,7.7,3.8,2.4,21.5,"$18,988,725 ",8
Dion Waiters,SG,27,MIA,44,25.9,4.5,10.9,0.414,6.6,2.6,2.8,12,"$11,550,000 ",8
Hassan Whiteside,C,29,MIA,72,23.3,5.4,9.4,0.571,0.2,11.3,0.8,12.3,"$25,434,262 ",8
Jeremy Lin,PG,30,TOT,74,19.4,3.2,7.3,0.44,2.5,2.4,3.1,9.6,"$487,109 ",8
Jeremy Lin,PG,30,ATL,51,19.7,3.5,7.6,0.466,2.6,2.3,3.5,10.7,"$487,109 ",8
Jeremy Lin,PG,30,TOR,23,18.8,2.5,6.7,0.374,2.4,2.6,2.2,7,"$487,109 ",8
Wesley Matthews,SF-SG,32,TOT,69,30.3,4,10.1,0.4,5.8,2.5,2.3,12.2,"$512,746 ",8
Wesley Matthews,SF,32,DAL,44,29.8,4.4,10.7,0.414,6,2.3,2.3,13.1,"$512,746 ",8
Wesley Matthews,SG,32,NYK,2,27,2,9.5,0.211,5,1.5,2.5,7,"$512,746 ",8
Wesley Matthews,SG,32,IND,23,31.5,3.5,9.1,0.386,5.7,2.8,2.4,10.9,"$512,746 ",8
Garrett Temple,SG,32,TOT,75,27.2,2.8,6.6,0.422,3.5,2.9,1.4,7.8,"$8,000,000 ",8
Garrett Temple,SG,32,MEM,49,31.2,3.4,7.9,0.429,4.3,3.1,1.4,9.4,"$8,000,000 ",8
Garrett Temple,SG,32,LAC,26,19.6,1.6,4.1,0.396,2.1,2.5,1.4,4.7,"$8,000,000 ",8
Steven Adams,C,25,OKC,80,33.4,6,10.1,0.595,0,9.5,1.6,13.9,"$24,157,303 ",7
Giannis Antetokounmpo,PF,24,MIL,72,32.8,10,17.3,0.578,2.8,12.5,5.9,27.7,"$24,157,303 ",7
Reggie Bullock,SG,27,TOT,63,29.8,3.9,9.4,0.412,6.2,2.7,2,11.3,"$2,500,000 ",7
Reggie Bullock,SG,27,DET,44,30.8,4.1,10,0.413,6.7,2.8,2.5,12.1,"$2,500,000 ",7
Reggie Bullock,SG,27,LAL,19,27.6,3.3,8.1,0.412,5.2,2.6,1.1,9.3,"$2,500,000 ",7
Trey Burke,PG,26,TOT,58,19.4,4.1,9.4,0.431,2.7,1.7,2.7,10.9,"$1,795,015 ",7
Trey Burke,PG,26,NYK,33,20.9,4.5,10.8,0.413,2.6,1.9,2.8,11.8,"$1,795,015 ",7
Trey Burke,PG,26,DAL,25,17.4,3.5,7.6,0.463,2.9,1.5,2.6,9.7,"$1,795,015 ",7
Kentavious Caldwell-Pope,SG,25,LAL,82,24.8,4,9.2,0.43,5.3,2.9,1.3,11.4,"$12,000,000 ",7
Michael Carter-Williams,PG,27,TOT,28,13.3,1.6,4.4,0.374,1.4,2.5,2.5,4.8,"$59,820 ",7
Michael Carter-Williams,PG,27,HOU,16,9.1,1.6,3.8,0.41,1.2,0.8,1.3,4.3,"$59,820 ",7
Michael Carter-Williams,PG,27,ORL,12,18.9,1.8,5.2,0.339,1.6,4.8,4.1,5.4,"$59,820 ",7
Allen Crabbe,SG,26,BRK,43,26.3,3.2,8.7,0.367,6,3.4,1.1,9.6,"$18,500,000 ",7
Gorgui Dieng,C,29,MIN,76,13.6,2.5,5,0.501,0.7,4.1,0.9,6.4,"$15,170,787 ",7
Rudy Gobert,C,26,UTA,81,31.8,5.9,8.8,0.669,0,12.9,2,15.9,"$23,241,573 ",7
Solomon Hill,SF,27,NOP,44,20,1.5,4,0.382,2.3,3,1.3,4.3,"$12,252,928 ",7
Alex Len,C,25,ATL,77,20.1,4.2,8.4,0.494,2.6,5.5,1.1,11.1,"$4,350,000 ",7
CJ McCollum,SG,27,POR,70,33.9,8.2,17.8,0.459,6.4,4,3,21,"$25,759,766 ",7
Ben McLemore,SG,25,SAC,19,8.3,1.3,3.4,0.391,2.2,0.9,0.2,3.9,"$5,460,000 ",7
Mike Muscala,PF,27,TOT,64,20.4,2.3,5.6,0.402,4,3.8,1.2,7,"$5,000,000 ",7
Mike Muscala,PF,27,PHI,47,22.1,2.3,5.9,0.392,4.2,4.3,1.3,7.4,"$5,000,000 ",7
Mike Muscala,PF,27,LAL,17,15.6,2.1,4.9,0.434,3.4,2.6,0.8,5.9,"$5,000,000 ",7
Victor Oladipo,SG,26,IND,36,31.9,6.9,16.3,0.423,6,5.6,5.2,18.8,"$21,000,000 ",7
Kelly Olynyk,PF,27,MIA,79,22.9,3.3,7.1,0.463,4,4.7,1.8,10,"$12,537,527 ",7
Mason Plumlee,C,28,DEN,82,21.1,3.2,5.4,0.593,0.1,6.4,3,7.8,"$12,917,808 ",7
Miles Plumlee,C,30,ATL,18,9.6,1.8,2.7,0.667,0,2.2,0.9,4.4,"$12,500,000 ",7
Quincy Pondexter,SF,30,SAS,53,5.5,0.5,1.1,0.5,0.3,0.9,0.5,1.8,"$1,512,601 ",7
Tony Snell,SF,27,MIL,74,17.6,2.2,4.9,0.452,2.8,2.1,0.9,6,"$10,807,143 ",7
Ekpe Udoh,C,31,UTA,51,6.3,1,1.4,0.694,0,1.8,0.5,2.3,"$3,360,000 ",7
Cody Zeller,C,26,CHO,49,25.4,3.9,7,0.551,0.4,6.8,2.1,10.1,"$13,528,090 ",7
Tyler Zeller,C,29,TOT,6,15.5,2.7,5,0.533,0.2,4,0.7,7.7,"$59,820 ",7
Tyler Zeller,C,29,ATL,2,5.5,0,1,0,0.5,3,0.5,0,"$59,820 ",7
Tyler Zeller,C,29,MEM,4,20.5,4,7,0.571,0,4.5,0.8,11.5,"$59,820 ",7
Aron Baynes,C,32,BOS,51,16.1,2.1,4.4,0.471,1.2,4.7,1.1,5.6,"$5,193,600 ",7
Ish Smith,PG,30,DET,56,22.3,3.7,8.7,0.419,2.4,2.6,3.6,8.9,"$6,000,000 ",7
Kyle Anderson,SF,25,MEM,43,29.8,3.5,6.4,0.543,0.8,5.8,3,8,"$8,641,000 ",6
Bruno Caboclo,SF,23,MEM,34,23.5,2.8,6.6,0.427,3.8,4.6,1.5,8.3,"$522,151 ",6
Isaiah Canaan,PG,27,TOT,30,21,2.1,5.5,0.39,3.2,1.9,2.8,6,"$1,512,601 ",6
Isaiah Canaan,PG,27,PHO,19,26.5,2.7,6.8,0.395,3.8,2.6,3.3,7.5,"$1,512,601 ",6
Isaiah Canaan,PG,27,MIN,7,13.6,1.6,4.1,0.379,2.7,0.7,2.7,4.7,"$1,512,601 ",6
Isaiah Canaan,PG,27,MIL,4,7.8,0.5,1.5,0.333,1.3,1,0.8,1.5,"$1,512,601 ",6
Clint Capela,C,24,HOU,67,33.6,7.1,10.9,0.648,0,12.7,1.4,16.6,"$13,793,104 ",6
Jordan Clarkson,SG,26,CLE,81,27.3,6.5,14.6,0.448,5.5,3.3,2.4,16.8,"$12,500,000 ",6
Spencer Dinwiddie,PG,25,BRK,68,28.1,5.4,12.2,0.442,5.4,2.4,4.6,16.8,"$1,656,092 ",6
Jimmer Fredette,SG,29,PHO,6,10.8,1.3,4.8,0.276,2.2,1.2,1.3,3.7,"$208,509 ",6
Jimmer Fredette,SG,29,PHO,6,10.8,1.3,4.8,0.276,2.2,1.2,1.3,3.7,"$208,509 ",6
Aaron Gordon,PF,23,ORL,78,33.8,6,13.4,0.449,4.4,7.4,3.7,16,"$21,590,909 ",6
Jerami Grant,PF,24,OKC,80,32.7,5.1,10.3,0.497,3.7,5.2,1,13.6,"$8,653,847 ",6
Gary Harris,SG,24,DEN,57,28.8,4.7,11.2,0.424,4.2,2.8,2.2,12.9,"$16,517,857 ",6
Joe Harris,SG,27,BRK,76,30.2,4.9,9.8,0.5,5.1,3.8,2.4,13.7,"$8,333,333 ",6
Rodney Hood,SG,26,TOT,72,26.3,4.1,9.3,0.435,3.3,2.2,1.8,11.2,"$3,472,887 ",6
Rodney Hood,SG,26,CLE,45,27.4,4.3,10.1,0.427,3.4,2.5,2,12.2,"$3,472,887 ",6
Rodney Hood,SG,26,POR,27,24.4,3.6,8,0.452,3.1,1.7,1.3,9.6,"$3,472,887 ",6
John Jenkins,SG,27,TOT,26,12.8,1.6,4,0.4,2.2,1.4,0.8,4.7,"$486,520 ",6
John Jenkins,SG,27,WAS,4,3.5,0.5,0.5,1,0.5,0.3,0.3,1.5,"$486,520 ",6
John Jenkins,SG,27,NYK,22,14.5,1.8,4.7,0.388,2.5,1.6,1,5.2,"$486,520 ",6
Zach LaVine,SG,23,CHI,63,34.5,8.4,18,0.467,5.1,4.7,4.5,23.7,"$19,500,000 ",6
Doug McDermott,SF,27,IND,77,17.4,2.7,5.5,0.491,2.7,1.4,0.9,7.3,"$7,333,333 ",6
Shabazz Napier,PG,27,BRK,56,17.6,3,7.8,0.389,4.1,1.8,2.6,9.4,"$1,942,422 ",6
Nerlens Noel,C,24,OKC,77,13.7,2.1,3.6,0.587,0,4.2,0.6,4.9,"$1,757,429 ",6
Jabari Parker,PF,23,TOT,64,26.9,5.8,11.7,0.493,3,6.6,2.4,14.5,"$20,000,000 ",6
Jabari Parker,PF,23,CHI,39,26.7,5.6,11.9,0.474,2.9,6.2,2.2,14.3,"$20,000,000 ",6
Jabari Parker,PF,23,WAS,25,27.3,6,11.4,0.523,3.2,7.2,2.7,15,"$20,000,000 ",6
Elfrid Payton,PG,24,NOP,42,29.8,4.3,9.8,0.434,2.5,5.2,7.6,10.6,"$3,000,000 ",6
Dwight Powell,C,27,DAL,77,21.6,3.8,6.3,0.597,1.6,5.3,1.5,10.6,"$9,631,250 ",6
Julius Randle,PF,24,NOP,73,30.6,7.8,14.9,0.524,2.7,8.7,3.1,21.4,"$8,641,000 ",6
Marcus Smart,SG,24,BOS,80,27.5,3,7.1,0.422,4.3,2.9,4,8.9,"$11,660,716 ",6
Noah Vonleh,PF,23,NYK,68,25.3,3,6.5,0.47,2,7.8,1.9,8.4,"$1,512,601 ",6
T.J. Warren,SF,25,PHO,43,31.6,6.9,14.2,0.486,4.2,4,1.5,18,"$11,750,000 ",6
Andrew Wiggins,SF,23,MIN,73,34.8,6.8,16.6,0.412,4.8,4.8,2.5,18.1,"$25,467,250 ",6
Kent Bazemore,SG,29,ATL,67,24.5,4.1,10.3,0.402,4.5,3.9,2.3,11.6,"$18,089,887 ",6
Justin Holiday,SG,29,TOT,82,31.8,3.7,9.5,0.386,5.7,3.9,1.8,10.5,"$4,384,616 ",6
Justin Holiday,SG,29,CHI,38,34.9,4,10.4,0.383,7.1,4.4,2.2,11.6,"$4,384,616 ",6
Justin Holiday,SG,29,MEM,44,29.1,3.4,8.7,0.389,4.4,3.5,1.4,9.5,"$4,384,616 ",6
Lance Thomas,PF,30,NYK,46,17,1.7,4.3,0.396,1.7,2.5,0.6,4.5,"$7,119,650 ",6
Justin Anderson,SF,25,ATL,48,9.6,1.3,3.3,0.408,1.6,1.8,0.5,3.7,"$2,516,048 ",5
Nemanja Bjelica,PF,30,SAC,77,23.2,3.7,7.7,0.479,3.3,5.8,1.9,9.6,"$6,500,000 ",5
Devin Booker,SG,22,PHO,64,35,9.2,19.6,0.467,6.5,4.1,6.8,26.6,"$3,314,365 ",5
MarShon Brooks,SG,30,MEM,29,13.3,2.6,5.8,0.45,1.9,1.6,0.9,6.6,"$1,656,092 ",5
MarShon Brooks,SG,30,MEM,29,13.3,2.6,5.8,0.45,1.9,1.6,0.9,6.6,"$1,656,092 ",5
Willie Cauley-Stein,C,25,SAC,81,27.3,5.1,9.1,0.556,0,8.4,2.4,11.9,"$4,696,875 ",5
Pat Connaughton,SG,26,MIL,61,20.7,2.7,5.7,0.466,3.3,4.2,2,6.9,"$1,641,000 ",5
Dante Exum,PG,23,UTA,42,15.8,2.4,5.7,0.419,1.5,1.6,2.6,6.9,"$9,600,000 ",5
Montrezl Harrell,C,25,LAC,82,26.3,6.7,10.8,0.615,0.2,6.5,2,16.6,"$6,000,000 ",5
Mario Hezonja,SF,23,NYK,58,20.8,3.3,8,0.412,2.6,4.1,1.5,8.8,"$6,500,000 ",5
Rondae Hollis-Jefferson,SF,24,BRK,59,20.9,3.4,8.3,0.411,0.8,5.3,1.6,8.9,"$2,470,357 ",5
Richaun Holmes,C,25,PHO,70,16.9,3.2,5.2,0.608,0,4.7,0.9,8.2,"$1,600,520 ",5
Stanley Johnson,SF,22,TOT,66,18.3,2.6,6.7,0.389,3.3,3.3,1.3,6.9,"$3,940,402 ",5
Stanley Johnson,SF,22,DET,48,20,2.8,7.3,0.381,3.8,3.6,1.3,7.5,"$3,940,402 ",5
Stanley Johnson,SF,22,NOP,18,13.7,2.1,5.1,0.418,1.9,2.3,1.6,5.3,"$3,940,402 ",5
Tyus Jones,PG,22,MIN,68,22.9,2.7,6.6,0.415,1.9,2,4.8,6.9,"$2,444,053 ",5
Frank Kaminsky,C,25,CHO,47,16.1,2.9,6.3,0.463,3,3.5,1.3,8.6,"$3,627,842 ",5
Kevon Looney,C,22,GSW,80,18.5,2.7,4.3,0.625,0.1,5.2,1.5,6.3,"$1,512,601 ",5
Trey Lyles,PF,23,DEN,64,17.5,3.2,7.7,0.418,3.1,3.8,1.4,8.5,"$3,364,249 ",5
Darius Miller,SF,28,NOP,69,25.5,2.7,7,0.39,5.3,1.9,2.1,8.2,"$2,205,000 ",5
Emmanuel Mudiay,PG,22,NYK,59,27.2,5.6,12.5,0.446,3.6,3.3,3.9,14.8,"$4,294,480 ",5
Raul Neto,PG,26,UTA,37,12.8,2,4.4,0.46,1.6,1.7,2.5,5.3,"$2,150,000 ",5
Jahlil Okafor,C,23,NOP,59,15.8,3.6,6.1,0.586,0.1,4.7,0.7,8.2,"$1,567,707 ",5
Bobby Portis,PF,23,TOT,50,26,5.6,12.6,0.444,3.8,8.1,1.4,14.2,"$2,494,346 ",5
Bobby Portis,PF,23,CHI,22,24.1,5.5,12.3,0.45,3.3,7.3,1.3,14.1,"$2,494,346 ",5
Bobby Portis,PF,23,WAS,28,27.4,5.6,12.8,0.44,4.3,8.6,1.5,14.3,"$2,494,346 ",5
Norman Powell,SG,25,TOR,60,18.8,3.2,6.7,0.483,2.8,2.3,1.5,8.6,"$9,367,200 ",5
Josh Richardson,SG,25,MIA,73,34.8,5.8,14.1,0.412,6.3,3.6,4.1,16.6,"$9,367,200 ",5
Terry Rozier,PG,24,BOS,79,22.7,3.3,8.4,0.387,4.3,3.9,2.9,9,"$3,050,390 ",5
D'Angelo Russell,PG,22,BRK,81,30.2,8.1,18.7,0.434,7.8,3.9,7,21.1,"$7,019,698 ",5
Nik Stauskas,SG,25,TOT,68,14.9,2,5,0.402,2.8,1.9,1.2,5.9,"$504,200 ",5
Nik Stauskas,SG,25,POR,44,15.3,2.2,5.2,0.419,2.8,1.8,1.4,6.1,"$504,200 ",5
Nik Stauskas,SG,25,CLE,24,14.3,1.7,4.5,0.367,2.6,2,0.8,5.5,"$504,200 ",5
Karl-Anthony Towns,C,23,MIN,77,33.1,8.8,17.1,0.518,4.6,12.4,3.4,24.4,"$7,839,435 ",5
Myles Turner,C,22,IND,74,28.6,5.1,10.5,0.487,2.6,7.2,1.6,13.3,"$3,410,284 ",5
Justise Winslow,SF,22,MIA,66,29.7,4.9,11.3,0.433,3.9,5.4,4.3,12.6,"$3,448,926 ",5
Delon Wright,PG,26,TOT,75,22.7,3.2,7.4,0.434,2.2,3.5,3.3,8.7,"$2,536,898 ",5
Delon Wright,PG,26,TOR,49,18.3,2.6,6,0.433,1.8,2.6,2.2,6.9,"$2,536,898 ",5
Delon Wright,PG,26,MEM,26,30.8,4.4,10.2,0.434,3,5.4,5.3,12.2,"$2,536,898 ",5
Ian Clark,SG,27,NOP,60,16.2,2.5,6.4,0.394,3.4,1.5,1.6,6.7,"$1,512,601 ",5
Robert Covington,SF,28,TOT,35,34.4,4.5,10.3,0.431,6.4,5.5,1.3,13.3,"$10,464,092 ",5
Robert Covington,SF,28,PHI,13,33.8,3.8,9,0.427,5.9,5.2,1.1,11.3,"$10,464,092 ",5
Robert Covington,SF,28,MIN,22,34.7,4.8,11.1,0.433,6.7,5.7,1.5,14.5,"$10,464,092 ",5
Seth Curry,SG,28,POR,74,18.9,2.9,6.3,0.456,3.4,1.6,0.9,7.9,"$2,795,000 ",5
Troy Daniels,SG,27,PHO,51,14.9,2.2,5.4,0.411,3.8,1.4,0.5,6.2,"$3,258,539 ",5
Dewayne Dedmon,C,29,ATL,64,25.1,4,8.2,0.492,3.4,7.5,1.4,10.8,"$7,200,000 ",5
Matthew Dellavedova,PG,28,TOT,48,16.9,2,5,0.405,2.7,1.6,3.8,5.9,"$9,607,500 ",5
Matthew Dellavedova,PG,28,MIL,12,8.1,0.5,1.6,0.316,0.9,0.8,2.4,1.7,"$9,607,500 ",5
Matthew Dellavedova,PG,28,CLE,36,19.9,2.6,6.2,0.413,3.3,1.9,4.2,7.3,"$9,607,500 ",5
Tim Hardaway Jr.,SG,26,TOT,65,31.6,6,15.3,0.393,7.3,3.4,2.4,18.1,"$19,200,127 ",5
Tim Hardaway Jr.,SG,26,NYK,46,32.6,6.1,15.8,0.388,7.3,3.5,2.7,19.1,"$19,200,127 ",5
Tim Hardaway Jr.,SG,26,DAL,19,29.4,5.7,14.1,0.404,7.4,3.2,1.9,15.5,"$19,200,127 ",5
Malik Beasley,SG,22,DEN,81,23.2,4.3,9.1,0.474,5,2.5,1.2,11.3,"$1,773,840 ",4
DeAndre' Bembry,SG,24,ATL,82,23.5,3.4,7.5,0.446,2.1,4.4,2.5,8.4,"$1,634,640 ",4
Dragan Bender,PF,21,PHO,46,18,1.9,4.3,0.447,2.2,4,1.2,5,"$4,661,280 ",4
Malcolm Brogdon,SG,26,MIL,64,28.6,5.9,11.7,0.505,3.8,4.5,3.2,15.6,"$1,544,951 ",4
Jaylen Brown,SG,22,BOS,74,25.9,5,10.7,0.465,3.7,4.2,1.4,13,"$5,169,960 ",4
Marquese Chriss,PF,21,TOT,43,11.6,1.6,4.2,0.372,1.7,3.3,0.5,4.2,"$3,206,160 ",4
Marquese Chriss,PF,21,HOU,16,6.5,0.7,2.1,0.324,0.9,1.8,0.4,1.8,"$3,206,160 ",4
Marquese Chriss,PF,21,CLE,27,14.6,2.1,5.4,0.384,2.1,4.2,0.6,5.7,"$3,206,160 ",4
Sam Dekker,PF,24,TOT,47,16.8,2.6,5.4,0.469,1.3,3.1,1,6.1,"$2,760,095 ",4
Sam Dekker,PF,24,CLE,9,18.8,2.4,5.3,0.458,1.4,3.7,1,6.3,"$2,760,095 ",4
Sam Dekker,PF,24,WAS,38,16.3,2.6,5.5,0.471,1.3,3,1,6.1,"$2,760,095 ",4
Cheick Diallo,PF,22,NOP,64,14,2.6,4.2,0.62,0.1,5.2,0.5,6,"$1,544,951 ",4
Kris Dunn,PG,24,CHI,46,30.2,4.7,11,0.425,2.1,4.1,6,11.3,"$4,221,000 ",4
Henry Ellenson,PF,22,TOT,19,13.6,2.1,5,0.411,2,3.5,0.8,6,"$341,831 ",4
Henry Ellenson,PF,22,DET,2,12.5,2,5,0.4,2,4.5,0.5,6,"$341,831 ",4
Henry Ellenson,PF,22,NYK,17,13.8,2.1,5,0.412,2,3.4,0.9,6,"$341,831 ",4
Joel Embiid,C,24,PHI,64,33.7,9.1,18.7,0.484,4.1,13.6,3.7,27.5,"$25,467,250 ",4
Jerian Grant,PG,26,ORL,60,15.7,1.5,3.7,0.418,1.8,1.6,2.6,4.2,"$2,639,314 ",4
Buddy Hield,SG,26,SAC,82,31.9,7.6,16.6,0.458,7.9,5,2.5,20.7,"$3,844,760 ",4
Brandon Ingram,SF,21,LAL,52,33.8,7,14,0.497,1.8,5.1,3,18.3,"$5,757,120 ",4
Damian Jones,C,23,GSW,24,17.1,2.2,3.1,0.716,0,3.1,1.2,5.4,"$1,544,951 ",4
Jake Layman,SF,24,POR,71,18.7,3,6,0.509,2.5,3.1,0.7,7.6,"$1,544,951 ",4
Caris LeVert,SF,24,BRK,40,26.6,5.2,12.1,0.429,3.9,3.8,3.9,13.7,"$1,702,800 ",4
Thon Maker,C-PF,21,TOT,64,15.2,1.7,4.2,0.407,2.4,3.2,0.7,5,"$2,799,720 ",4
Thon Maker,C,21,MIL,35,11.7,1.7,3.8,0.44,2.2,2.7,0.5,4.7,"$2,799,720 ",4
Thon Maker,PF,21,DET,29,19.4,1.7,4.6,0.373,2.6,3.7,0.9,5.5,"$2,799,720 ",4
Jarell Martin,PF,24,ORL,42,7.8,1,2.5,0.413,1.4,1.7,0.4,2.7,"$2,416,222 ",4
Patrick McCaw,SG,23,TOT,29,13.7,0.9,2.2,0.413,1,1.7,1,2.6,"$777,665 ",4
Patrick McCaw,SG,23,CLE,3,17.7,0.7,3,0.222,1.3,1,0.7,1.7,"$777,665 ",4
Patrick McCaw,SG,23,TOR,26,13.2,0.9,2.1,0.444,0.9,1.7,1,2.7,"$777,665 ",4
Jordan McRae,SG,27,WAS,27,12.3,2.3,4.8,0.469,1.3,1.5,1.1,5.9,"$17,092 ",3
Jamal Murray,PG,21,DEN,75,32.6,6.8,15.6,0.437,5.5,4.2,4.8,18.2,"$3,499,800 ",4
Georges Niang,PF,25,UTA,59,8.7,1.5,3.1,0.475,1.8,1.5,0.6,4,"$1,512,601 ",4
Cameron Payne,PG,24,TOT,40,17.8,2.4,5.6,0.43,2.1,1.8,2.7,6.3,"$3,263,294 ",4
Cameron Payne,PG,24,CHI,31,17.3,2.2,5.4,0.411,1.9,1.7,2.7,5.7,"$3,263,294 ",4
Cameron Payne,PG,24,CLE,9,19.6,3,6.1,0.491,2.8,2.1,2.6,8.2,"$3,263,294 ",4
Domantas Sabonis,C,22,IND,74,24.8,5.6,9.5,0.59,0.2,9.3,2.9,14.1,"$2,659,800 ",4
Pascal Siakam,PF,24,TOR,80,31.9,6.5,11.8,0.549,2.7,6.9,3.1,16.9,"$1,544,951 ",4
Ivica Zubac,C,21,TOT,59,17.6,3.6,6.4,0.559,0,6.1,1.1,8.9,"$1,544,951 ",4
Ivica Zubac,C,21,LAL,33,15.6,3.4,5.8,0.58,0,4.9,0.8,8.5,"$1,544,951 ",4
Ivica Zubac,C,21,LAC,26,20.2,3.8,7.2,0.538,0,7.7,1.5,9.4,"$1,544,951 ",4
Tim Frazier,PG,28,TOT,59,19,2,4.4,0.444,1.7,2.8,4.2,5.3,"$196,553 ",4
Tim Frazier,PG,28,NOP,47,19.3,1.9,4.1,0.451,1.6,2.9,4.4,5,"$196,553 ",4
Tim Frazier,PG,28,MIL,12,17.6,2.3,5.5,0.424,2,2.6,3.5,6.3,"$196,553 ",4
Langston Galloway,SG,27,DET,80,21.8,2.9,7.3,0.388,4.8,2.1,1.1,8.4,"$7,000,000 ",4
JaMychal Green,PF,28,TOT,65,21.1,3.5,7.3,0.483,2.7,6.3,0.8,9.4,"$7,666,667 ",4
JaMychal Green,PF,28,MEM,41,22,3.7,7.6,0.484,2.3,6.1,0.9,9.8,"$7,666,667 ",4
JaMychal Green,PF,28,LAC,24,19.6,3.3,6.8,0.482,3.3,6.5,0.6,8.7,"$7,666,667 ",4
Joe Ingles,PF,31,UTA,82,31.3,4.4,9.8,0.448,5.9,4,5.7,12.1,"$13,045,455 ",4
Tyler Johnson,PG,26,TOT,57,26.8,3.8,9.2,0.413,4.6,3,2.9,10.9,"$19,356,932 ",4
Tyler Johnson,PG,26,MIA,44,25.5,3.9,9.1,0.426,4.6,2.8,2.5,10.8,"$19,356,932 ",4
Tyler Johnson,PG,26,PHO,13,31.2,3.5,9.6,0.368,4.3,4,4.2,11.1,"$19,356,932 ",4
Eric Moreland,PF,27,TOT,5,8.6,0.6,1.4,0.429,0.2,4,0.8,1.4,"$17,092 ",4
Eric Moreland,PF,27,PHO,1,5,0,0,0,0,3,0,0,"$17,092 ",4
Eric Moreland,PF,27,TOR,4,9.5,0.8,1.8,0.429,0.3,4.3,1,1.8,"$17,092 ",4
Glenn Robinson III,SF,25,DET,47,13,1.6,3.7,0.42,1.3,1.5,0.4,4.2,"$4,075,000 ",4
JaKarr Sampson,SF,25,CHI,4,31.8,7.3,13.5,0.537,3.5,8,1,20,"$85,458 ",4
Bam Adebayo,C,21,MIA,82,23.3,3.4,5.9,0.576,0.2,7.3,2.2,8.9,"$2,955,840 ",3
Jarrett Allen,C,20,BRK,80,26.2,4.2,7.1,0.59,0.6,8.4,1.4,10.9,"$2,034,120 ",3
OG Anunoby,SF,21,TOR,67,20.2,2.7,6,0.453,3,2.9,0.7,7,"$2,034,120 ",3
Dwayne Bacon,SG,23,CHO,43,17.7,2.8,6,0.475,2,2.1,1.1,7.3,"$1,378,242 ",3
Lonzo Ball,PG,21,LAL,47,30.3,3.9,9.7,0.406,4.9,5.3,5.4,9.9,"$7,461,960 ",3
Jordan Bell,C,24,GSW,68,11.6,1.5,2.8,0.516,0,2.7,1.1,3.3,"$1,378,242 ",3
Tony Bradley,C,21,UTA,3,12,2.7,5.3,0.5,0,5,0.3,5.7,"$1,679,520 ",3
Dillon Brooks,SF,23,MEM,18,18.3,2.7,6.8,0.402,2.2,1.7,0.9,7.5,"$1,378,242 ",3
Sterling Brown,SG,23,MIL,58,17.8,2.5,5.4,0.465,2.5,3.2,1.4,6.4,"$1,378,242 ",3
Thomas Bryant,C,21,WAS,72,20.8,4.3,7,0.616,1.4,6.3,1.3,10.5,"$1,378,242 ",3
John Collins,PF,21,ATL,61,30,7.6,13.6,0.56,2.6,9.8,2,19.5,"$2,299,080 ",3
Zach Collins,C,21,POR,77,17.6,2.5,5.2,0.473,1.6,4.2,0.9,6.6,"$3,628,920 ",3
Deyonta Davis,C,22,ATL,9,13.1,1.7,2.4,0.682,0.1,4,0.6,4,"$25,367 ",3
Damyean Dotson,SG,24,NYK,73,27.5,4,9.6,0.415,4.7,3.6,1.8,10.7,"$1,378,242 ",3
Terrance Ferguson,SG,20,OKC,74,26.1,2.5,5.8,0.429,3.9,1.9,1,6.9,"$2,118,840 ",3
De'Aaron Fox,PG,21,SAC,81,31.4,6.2,13.6,0.458,2.9,3.8,7.3,17.3,"$5,470,920 ",3
Markelle Fultz,SG,20,PHI,19,22.5,3.4,8.2,0.419,0.7,3.7,3.1,8.2,"$8,339,880 ",3
Andrew Harrison,PG,24,TOT,17,11,0.9,3.1,0.302,1.5,1.2,1.4,3.2,"$1,544,951 ",3
Andrew Harrison,PG,24,MEM,1,5,1,2,0.5,1,0,0,2,"$1,544,951 ",3
Andrew Harrison,PG,24,CLE,10,14.4,1.2,3.9,0.308,1.4,1.5,1.7,4.3,"$1,544,951 ",3
Andrew Harrison,PG,24,NOP,6,6.3,0.5,2,0.25,1.7,0.8,1.2,1.5,"$1,544,951 ",3
Josh Hart,SG,23,LAL,67,25.6,2.8,6.9,0.407,4.1,3.7,1.4,7.8,"$1,655,160 ",3
Jonathan Isaac,PF,21,ORL,75,26.6,3.5,8.1,0.429,3.5,5.5,1.1,9.6,"$4,969,080 ",3
Josh Jackson,SG,21,PHO,79,25.2,4.4,10.6,0.413,2.8,4.4,2.3,11.5,"$6,041,520 ",3
Justin Jackson,SF,23,TOT,81,19.9,2.7,6,0.447,3,2.6,1.2,7.2,"$2,807,880 ",3
Justin Jackson,SF,23,SAC,52,20.8,2.4,5.7,0.424,3.1,2.8,1.3,6.7,"$2,807,880 ",3
Justin Jackson,SF,23,DAL,29,18.3,3.2,6.6,0.484,3,2.3,1,8.2,"$2,807,880 ",3
Luke Kennard,SG,22,DET,63,22.8,3.6,8.3,0.438,4.3,2.9,1.8,9.7,"$3,275,280 ",3
Furkan Korkmaz,SG,21,PHI,48,14.1,2,5.1,0.4,3,2.2,1.1,5.8,"$1,740,000 ",3
Kyle Kuzma,PF,23,LAL,70,33.1,7.1,15.5,0.456,6,5.5,2.5,18.7,"$1,689,840 ",3
T.J. Leaf,PF,21,IND,58,9,1.7,3.2,0.541,0.5,2.2,0.4,3.9,"$2,407,560 ",3
Lauri Markkanen,PF,21,CHI,52,32.3,6.6,15.3,0.43,6.4,9,1.4,18.7,"$4,536,120 ",3
Donovan Mitchell,SG,22,UTA,77,33.7,8.6,19.9,0.432,6.7,4.1,4.2,23.8,"$3,111,480 ",3
Malik Monk,SG,20,CHO,73,17.2,3.1,8,0.387,4.5,1.9,1.6,8.9,"$3,447,480 ",3
Monte Morris,PG,23,DEN,82,24,4.2,8.6,0.493,2.8,2.4,3.6,10.4,"$1,349,383 ",3
Abdel Nader,SF,25,OKC,61,11.4,1.5,3.5,0.423,1.6,1.9,0.3,4,"$1,378,242 ",3
Frank Ntilikina,PG,20,NYK,43,21,2.2,6.6,0.337,2.7,2,2.8,5.7,"$4,155,720 ",3
Semi Ojeleye,PF,24,BOS,56,10.6,1.2,2.8,0.424,1.6,1.5,0.4,3.3,"$1,378,242 ",3
Cedi Osman,SF,23,CLE,76,32.2,4.7,11.1,0.427,4.9,4.7,2.6,13,"$2,775,000 ",3
Justin Patton,C,21,PHI,3,7,0.7,2.3,0.286,0.7,2,1,1.7,"$2,667,600 ",3
Malachi Richardson,SG,23,TOR,22,4.7,0.4,1.3,0.31,1.1,0.6,0,1.4,"$1,569,360 ",3
Ben Simmons,PG,22,PHI,79,34.2,6.8,12.2,0.563,0.1,8.8,7.7,16.9,"$6,434,520 ",3
Caleb Swanigan,PF,21,TOT,21,8.5,0.9,2.5,0.34,0.3,3,0.5,2,"$1,740,000 ",3
Caleb Swanigan,PF,21,POR,18,8.1,0.8,2.4,0.318,0.3,2.9,0.4,1.9,"$1,740,000 ",3
Caleb Swanigan,PF,21,SAC,3,11,1.3,3,0.444,0.7,4,1.3,2.7,"$1,740,000 ",3
Jayson Tatum,SF,20,BOS,79,31.1,5.9,13.1,0.45,3.9,6,2.1,15.7,"$6,700,800 ",3
Tyrone Wallace,PG,24,LAC,62,10.1,1.5,3.5,0.424,0.3,1.6,0.7,3.5,"$1,349,383 ",3
Derrick White,PG,24,SAS,67,25.8,3.9,8.1,0.479,2.1,3.7,3.9,9.9,"$1,667,160 ",3
D.J. Wilson,PF,22,MIL,48,18.4,2.2,5.2,0.414,2.6,4.6,1.1,5.8,"$2,534,280 ",3
T.J. McConnell,PG,26,PHI,76,19.3,2.9,5.5,0.525,0.6,2.3,3.4,6.4,"$1,600,520 ",3
Salah Mejri,C,32,DAL,36,11.1,1.5,3.1,0.491,0.9,3.6,1,3.9,"$512,746 ",3
Larry Nance Jr.,C,26,CLE,67,26.8,3.7,7.1,0.52,1.5,8.2,3.2,9.4,"$2,272,391 ",3
Kelly Oubre Jr.,SF,23,TOT,69,28,5.4,12.2,0.445,4.9,4.7,1.2,15.2,"$3,208,630 ",3
Kelly Oubre Jr.,SF,23,WAS,29,26,4.6,10.5,0.433,4.6,4.4,0.7,12.9,"$3,208,630 ",3
Kelly Oubre Jr.,SF,23,PHO,40,29.5,6.1,13.4,0.453,5.2,4.9,1.6,16.9,"$3,208,630 ",3
Jonathon Simmons,SG-SF,29,TOT,56,19,2.4,6.3,0.38,1.9,2.3,2.3,6.5,"$6,000,000 ",3
Jonathon Simmons,SG,29,ORL,41,20.6,2.5,7,0.364,2,2.4,2.3,6.9,"$6,000,000 ",3
Jonathon Simmons,SF,29,PHI,15,14.6,1.9,4.3,0.453,1.4,1.7,2.2,5.5,"$6,000,000 ",3
Alan Williams,PF,26,BRK,5,5.2,1.6,2.6,0.615,0.2,3.8,0.6,3.6,"$5,000,000 ",3
Christian Wood,PF,23,TOT,21,12,2.9,5.6,0.521,1.2,4,0.4,8.2,"$1,512,601 ",3
Christian Wood,PF,23,MIL,13,4.8,0.9,1.9,0.48,0.4,1.5,0.2,2.8,"$1,512,601 ",3
Christian Wood,PF,23,NOP,8,23.6,6.1,11.5,0.533,2.6,7.9,0.8,16.9,"$1,512,601 ",3
Grayson Allen,SG,23,UTA,38,10.9,1.8,4.7,0.376,2.6,0.6,0.7,5.6,"$2,074,320 ",2
Ike Anigbogu,C,20,IND,3,2,0,1,0,0,1,0.3,0,"$1,378,242 ",2
Deandre Ayton,C,20,PHO,71,30.7,7.2,12.3,0.585,0.1,10.3,1.8,16.3,"$8,165,160 ",2
Keita Bates-Diop,SF,23,MIN,30,16.8,2,4.7,0.423,1.7,2.8,0.6,5,"$838,464 ",2
Jonah Bolden,PF,23,PHI,44,14.5,1.8,3.7,0.494,2.2,3.8,0.9,4.7,"$1,690,000 ",2
Isaac Bonga,PG,19,LAL,22,5.5,0.2,1.5,0.152,0.4,1.1,0.7,0.9,"$1,000,000 ",2
Mikal Bridges,SF,22,PHO,82,29.5,3,6.9,0.43,3.8,3.2,2.1,8.3,"$3,552,960 ",2
Miles Bridges,SF,20,CHO,80,21.2,3,6.4,0.464,2.5,4,1.2,7.5,"$3,206,640 ",2
Bruce Brown,SG,22,DET,74,19.6,1.7,4.2,0.398,1.3,2.5,1.2,4.3,"$838,464 ",2
Jalen Brunson,PG,22,DAL,73,21.8,3.6,7.7,0.467,2.5,2.3,3.2,9.3,"$1,230,000 ",2
Jevon Carter,PG,23,MEM,39,14.8,1.4,4.7,0.303,2.6,1.7,1.8,4.4,"$838,464 ",2
Hamidou Diallo,SG,20,OKC,51,10.3,1.5,3.2,0.455,0.5,1.9,0.3,3.7,"$838,464 ",2
Donte DiVincenzo,SG,22,MIL,27,15.2,1.9,4.6,0.403,3.1,2.4,1.1,4.9,"$2,481,000 ",2
Tyler Dorsey,SG,22,TOT,48,14.5,2.2,5.5,0.405,2.8,2.4,1.2,6.2,"$1,378,242 ",2
Tyler Dorsey,SG,22,ATL,27,9.3,1.2,3.3,0.36,1.4,1.6,0.6,3.3,"$1,378,242 ",2
Tyler Dorsey,SG,22,MEM,21,21.3,3.6,8.3,0.429,4.4,3.3,1.9,9.8,"$1,378,242 ",2
Jacob Evans,SG,21,GSW,30,6.8,0.6,1.8,0.34,0.5,0.8,0.8,1.3,"$1,644,240 ",2
Jawun Evans,PG,22,TOT,8,8.1,0.4,1.8,0.214,0.4,1.5,1.3,0.8,"$1,378,242 ",2
Jawun Evans,PG,22,PHO,7,9.1,0.4,1.9,0.231,0.3,1.7,1.4,0.9,"$1,378,242 ",2
Jawun Evans,PG,22,OKC,1,1,0,1,0,1,0,0,0,"$1,378,242 ",2
Shai Gilgeous-Alexander,PG,20,LAC,82,26.5,4.2,8.7,0.476,1.7,2.8,3.3,10.8,"$3,375,360 ",2
Devonte' Graham,PG,23,CHO,46,14.7,1.6,4.7,0.343,2.6,1.4,2.6,4.7,"$988,464 ",2
Daniel Hamilton,SG,23,ATL,19,10.7,1.2,3.2,0.383,1.2,2.5,1.2,3,"$1,349,383 ",2
Isaiah Hartenstein,PF,20,HOU,28,7.9,0.7,1.5,0.488,0.2,1.7,0.5,1.9,"$838,464 ",2
Aaron Holiday,PG,22,IND,50,12.9,2.1,5.2,0.401,2.5,1.3,1.7,5.9,"$1,911,960 ",2
Kevin Huerter,SG,20,ATL,75,27.3,3.7,8.8,0.419,4.7,3.3,2.9,9.7,"$2,250,960 ",2
Chandler Hutchison,SF,22,CHI,44,20.3,2.2,4.8,0.459,1.1,4.2,0.8,5.2,"$1,990,520 ",2
Frank Jackson,PG,20,NOP,61,19.2,3.2,7.3,0.434,2.8,2.2,1.1,8.1,"$1,378,242 ",2
Alize Johnson,PF,22,IND,14,4.6,0.3,1.1,0.25,0.1,1.4,0.1,0.9,"$838,464 ",2
Rodions Kurucs,SF,20,BRK,63,20.5,3.2,7.1,0.45,2.9,3.9,0.8,8.5,"$1,618,320 ",2
Tyler Lydon,PF,22,DEN,25,3.8,0.4,0.7,0.5,0.4,0.7,0.2,0.9,"$1,874,640 ",2
De'Anthony Melton,PG,20,PHO,50,19.7,2,5.1,0.391,1.9,2.7,3.2,5,"$949,000 ",2
Chimezie Metu,PF,21,SAS,29,5,0.7,2,0.328,0.1,1.2,0.4,1.8,"$838,464 ",2
Sviatoslav Mykhailiuk,SF,21,TOT,42,10.5,1.1,3.3,0.329,2.1,0.9,0.9,3.2,"$1,487,694 ",2
Sviatoslav Mykhailiuk,SF,21,LAL,39,10.8,1.1,3.4,0.333,2.2,0.9,0.8,3.3,"$1,487,694 ",2
Sviatoslav Mykhailiuk,SF,21,DET,3,6.7,0.7,2.7,0.25,1.3,0.7,1.3,2,"$1,487,694 ",2
Josh Okogie,SG,20,MIN,74,23.7,2.6,6.9,0.386,2.9,2.9,1.2,7.7,"$2,160,720 ",2
Zhou Qi,PF,23,HOU,1,1,1,1,1,0,0,0,2,"$1,378,242 ",2
Ivan Rabb,PF,21,MEM,49,14.7,2.4,4.3,0.547,0.3,4.2,1.1,5.8,"$1,378,242 ",2
Jerome Robinson,SG,21,LAC,33,9.7,1.3,3.3,0.4,1.7,1.2,0.6,3.4,"$3,046,200 ",2
Mitchell Robinson,C,20,NYK,66,20.6,3.1,4.4,0.694,0,6.4,0.6,7.3,"$1,485,440 ",2
Collin Sexton,PG,20,CLE,82,31.8,6.3,14.7,0.43,3.6,2.9,3,16.7,"$4,068,600 ",2
Landry Shamet,SG,21,TOT,79,22.8,3,7.1,0.431,5,1.7,1.5,9.1,"$1,703,649 ",2
Landry Shamet,SG,21,PHI,54,20.5,2.8,6.4,0.441,4.5,1.4,1.1,8.3,"$1,703,649 ",2
Landry Shamet,SG,21,LAC,25,27.8,3.5,8.4,0.414,6,2.2,2.3,10.9,"$1,703,649 ",2
Anfernee Simons,SG,19,POR,20,7.1,1.4,3.2,0.444,1.5,0.7,0.7,3.8,"$1,760,520 ",2
Zhaire Smith,SG,19,PHI,6,18.5,2.3,5.7,0.412,2.7,2.2,1.7,6.7,"$2,526,840 ",2
Omari Spellman,PF,21,ATL,46,17.5,2.1,5.3,0.402,2.8,4.2,1,5.9,"$1,620,480 ",2
Khyri Thomas,SG,22,DET,26,7.5,0.8,2.7,0.319,1.3,0.8,0.3,2.3,"$838,464 ",2
Sindarius Thornwell,SG,24,LAC,64,4.9,0.3,0.8,0.347,0.2,0.7,0.3,1,"$1,378,242 ",2
Jarred Vanderbilt,PF,19,DEN,17,4.1,0.5,1.1,0.474,0.1,1.4,0.2,1.4,"$838,464 ",2
Moritz Wagner,C,21,LAL,43,10.4,1.7,4,0.415,1.8,2,0.6,4.8,"$1,762,080 ",2
Guerschon Yabusele,PF,23,BOS,41,6.1,0.9,1.9,0.455,0.7,1.3,0.4,2.3,"$2,667,600 ",2
Trae Young,PG,20,ATL,81,30.9,6.5,15.5,0.418,6,3.7,8.1,19.1,"$5,356,440 ",2
Ron Baker,SG,25,TOT,15,10.1,0.3,1.3,0.2,0.9,0.7,1,0.9,"$948,580 ",2
Ron Baker,SG,25,NYK,11,9.7,0.4,1.5,0.25,0.8,0.6,1.2,1.3,"$948,580 ",2
Ron Baker,SG,25,WAS,4,11.3,0,1,0,1,1,0.5,0,"$948,580 ",2
Quinn Cook,PG,25,GSW,74,14.3,2.8,5.9,0.465,2.7,2.1,1.6,6.9,"$1,544,951 ",2
Yogi Ferrell,PG,25,SAC,71,15,2.2,5,0.435,2.1,1.5,1.9,5.9,"$3,000,000 ",2
Dorian Finney-Smith,SF,25,DAL,81,24.5,2.8,6.5,0.432,3.1,4.8,1.2,7.5,"$1,544,951 ",2
Bryn Forbes,SG,25,SAS,82,28,4.4,9.6,0.456,5,2.9,2.1,11.8,"$3,125,000 ",2
Treveon Graham,SG,25,BRK,35,20.4,1.8,5.5,0.335,3.7,3.1,1,5.3,"$1,512,601 ",2
Derrick Jones Jr.,SF,21,MIA,60,19.2,2.7,5.4,0.494,1.5,4,0.6,7,"$1,512,601 ",2
Rodney McGruder,SG,27,MIA,66,23.5,2.8,7,0.403,3.4,3.6,1.7,7.6,"$1,544,951 ",2
David Nwaba,SG,26,CLE,51,19.3,2.5,5.1,0.481,1.5,3.2,1.1,6.5,"$1,512,601 ",2
Alex Poythress,PF,25,ATL,21,14.5,1.9,3.9,0.494,1.1,3.6,0.8,5.1,"$1,544,951 ",2
Chasson Randle,PG,25,WAS,49,15.2,1.9,4.4,0.419,2.3,1.1,2,5.5,"$869,094 ",2
Wayne Selden,SG,24,TOT,75,19.2,2.6,6.4,0.406,2.3,2.4,1.5,6.9,"$1,544,951 ",2
Wayne Selden,SG,24,MEM,32,14.2,2,5,0.404,2,1.4,1.1,5.4,"$1,544,951 ",2
Wayne Selden,SG,24,CHI,43,22.9,3,7.5,0.407,2.6,3.2,1.7,8,"$1,544,951 ",2
Dennis Smith Jr.,PG,21,TOT,53,28.5,5.2,12.3,0.428,3.9,2.9,4.8,13.6,"$3,819,960 ",2
Dennis Smith Jr.,PG,21,DAL,32,28.4,4.9,11.2,0.44,3.9,3,4.3,12.9,"$3,819,960 ",2
Dennis Smith Jr.,PG,21,NYK,21,28.6,5.8,14,0.413,4,2.8,5.4,14.7,"$3,819,960 ",2
Fred VanVleet,PG,24,TOR,64,27.5,3.8,9.4,0.41,4.6,2.6,4.8,11,"$8,653,847 ",2
Taurean Prince,SF,24,ATL,55,28.2,4.8,10.8,0.441,5.7,3.6,2.1,13.5,"$2,526,840 ",2
Okaro White,PF,26,WAS,3,2,0,0.7,0,0.7,0.7,0,0,"$1,187,862 ",2
Troy Williams,SF,24,SAC,21,14.9,2.1,4.7,0.449,2.1,2.8,0.5,5.3,"$1,512,601 ",2
Ray Spalding,PF,21,TOT,14,10.6,1.8,3.4,0.532,0.2,3.4,0.4,3.9,"$184,746 ",2
Ray Spalding,PF,21,DAL,1,1,0,0,0,0,0,0,0,"$184,746 ",2
Ray Spalding,PF,21,PHO,13,11.3,1.9,3.6,0.532,0.2,3.7,0.4,4.2,"$184,746 ",2
Ryan Arcidiacono,PG,24,CHI,81,24.2,2.3,5.2,0.447,2.7,2.7,3.3,6.7,"$1,349,383 ",2
Khem Birch,C,26,ORL,50,12.9,1.8,3,0.603,0,3.8,0.8,4.8,"$1,378,242 ",2
Antonio Blakeney,SG,22,CHI,57,14.5,2.9,6.9,0.419,1.6,1.9,0.7,7.3,"$1,349,383 ",2
Chris Boucher,PF,26,TOR,28,5.8,1.2,2.7,0.447,1.3,2,0.1,3.3,"$457,418 ",2
Torrey Craig,SF,28,DEN,75,20,2.1,4.8,0.442,2.5,3.5,1,5.7,"$2,000,000 ",2
Shaquille Harrison,SG,25,CHI,73,19.6,2.5,5.8,0.432,1.2,3,1.9,6.5,"$1,311,265 ",2
Maxi Kleber,PF,27,DAL,71,21.2,2.5,5.4,0.453,3.1,4.6,1,6.8,"$1,378,242 ",2
Luke Kornet,PF,23,NYK,46,17,2.3,6.2,0.378,4.2,2.9,1.2,7,"$1,619,260 ",2
Frank Mason III,PG,24,SAC,38,11.4,1.9,4.4,0.42,1.7,1.1,2.2,5.1,"$1,378,242 ",2
Alfonzo McKinnie,SF,26,GSW,72,13.9,1.9,3.8,0.487,1.6,3.4,0.4,4.7,"$1,349,383 ",2
Malcolm Miller,SF,25,TOR,10,6.7,1.1,2.6,0.423,2.1,0.5,0.1,3.5,"$457,418 ",2
Jaylen Morris,SG,23,MIL,4,7.3,1,2.5,0.4,0.8,1.3,1,2.5,"$1,378,242 ",2
Royce O'Neale,SF,25,UTA,82,20.4,2,4.2,0.475,2.1,3.5,1.5,5.2,"$1,378,242 ",2
Daniel Theis,C,26,BOS,66,13.8,2.2,4,0.549,1,3.4,1,5.7,"$1,378,242 ",2
Gary Trent Jr.,SG,20,POR,15,7.4,1.1,3.3,0.32,1.4,0.7,0.3,2.7,"$838,464 ",2
